Name,Sequence,Purpose,,,,,,,,,,,,,,,,,,,,,,,
KmR_pT2BB_F(935),ttcttgacgagttcttctgaAGATCTCAAACTGGAACAACACTCAac,Overlap primer between KmR and pT2BB for Gibson,,,,,,,,,,,,,,,,,,,,,,,
pT2BB_KmR_R(942),GTTGTTCCAGTTTGAGATCTtcagaagaactcgtcaagaaggcg,Overlap primer between KmR and pT2BB for Gibson,,,,,,,,,,,,,,,,,,,,,,,
SO_1327_5flank_F(943),accttaggacggggagga,Amplifies 5' flank of SO_1327,,,,,,,,,,,,,,,,,,,,,,,
SO_1327_5flank_R(944),cgaggcctcccttaagtagtc,Amplifies 5' flank of SO_1327,,,,,,,,,,,,,,,,,,,,,,,
SO_1327_3flank_F(945),tttgtttcgctgaggtgcag,Amplifies 3' flank of SO_1327,,,,,,,,,,,,,,,,,,,,,,,
SO_1327_3flank_R(946),caccaccagatcagtatcatttaagatcc,Amplifies 3' flank of SO_1327,,,,,,,,,,,,,,,,,,,,,,,
pT2BB_SO_1327_5flank_F(947),gaaGCAGGGTTATGCAGCGGaccttaggacggggaggatg,Overlap primer between pT2BB and SO_1327 5' flank for Gibson,,,,,,,,,,,,,,,,,,,,,,,
SO_1327_5flank_SO_1327_3flank_F(948),actacttaagggaggcctcgtttgtttcgctgaggtgcagct,Overlap primer between SO_1327 5' and 3' flanks for Gibson,,,,,,,,,,,,,,,,,,,,,,,
SO_1327_3flank_KmR_F(949),atgatactgatctggtggtgccggaattgccagctggg,Overlap primer between KmR and SO_1327 3' flank for Gibson,,,,,,,,,,,,,,,,,,,,,,,
SO_1327_5flank_pT2BB_R(950),catcctccccgtcctaaggtCCGCTGCATAACCCTGCt,Overlap primer between pT2BB and SO_1327 5' flank for Gibson,,,,,,,,,,,,,,,,,,,,,,,
SO_1327_3flank_SO_1327_5flank_R(951),ctgcacctcagcgaaacaaacgaggcctcccttaagtagtcc,Overlap primer between SO_1327 5' and 3' flanks for Gibson,,,,,,,,,,,,,,,,,,,,,,,
KmR_SO_1327_3flank_R(952),gccccagctggcaattccggcaccaccagatcagtatcatttaagatccc,Overlap primer between KmR and SO_1327 3' flank for Gibson,,,,,,,,,,,,,,,,,,,,,,,
SO_0625_5flank_F(1025),tcttcaagcatctttaagatacgaccc,,,,,,,,,,,,,,,,,,,,,,,,
SO_0625_5flank_R(1026),ctggtaacctcttcgaaaaacaacc,,,,,,,,,,,,,,,,,,,,,,,,
SO_0625_3flank_F(1027),tctacttgtttgctgaagtcttagtatcag,,,,,,,,,,,,,,,,,,,,,,,,
SO_0625_3flank_R(1028),gcgtaatcgcctctaaggc,,,,,,,,,,,,,,,,,,,,,,,,
pT2BB_SO_0625_5flank_F(1029),gaaGCAGGGTTATGCAGCGGtcttcaagcatctttaagatacgacccac,,,,,,,,,,,,,,,,,,,,,,,,
SO_0625_5flank_SO_0625_3flank_F(1030),tttttcgaagaggttaccagtctacttgtttgctgaagtcttagtatcagc,,,,,,,,,,,,,,,,,,,,,,,,
SO_0625_3flank_KmR_F(1031),agccttagaggcgattacgcccggaattgccagctgg,,,,,,,,,,,,,,,,,,,,,,,,
SO_0625_5flank_pT2BB_R(1032),atcttaaagatgcttgaagaCCGCTGCATAACCCTGC,,,,,,,,,,,,,,,,,,,,,,,,
SO_0625_3flank_SO_0625_5flank_R(1033),gacttcagcaaacaagtagactggtaacctcttcgaaaaacaacc,,,,,,,,,,,,,,,,,,,,,,,,
KmR_SO_0625_3flank_R(1034),gccccagctggcaattccgggcgtaatcgcctctaaggc,,,,,,,,,,,,,,,,,,,,,,,,
SO_4410_5flank_F(1035),atgttacgtaaattctctagcacgga,,,,,,,,,,,,,,,,,,,,,,,,
SO_4410_5flank_R(1036),tctcaagtctccggtagggt,,,,,,,,,,,,,,,,,,,,,,,,
SO_4410_3flank_F(1037),tggctaacggcatgcaat,,,,,,,,,,,,,,,,,,,,,,,,
SO_4410_3flank_R(1038),gtcgtgtggaaccagagct,,,,,,,,,,,,,,,,,,,,,,,,
pT2BB_SO_4410_5flank_F(1039),gaaGCAGGGTTATGCAGCGGatgttacgtaaattctctagcacggataaac,,,,,,,,,,,,,,,,,,,,,,,,
SO_4410_5flank_SO_4410_3flank_F(1040),accctaccggagacttgagatggctaacggcatgcaattact,,,,,,,,,,,,,,,,,,,,,,,,
SO_4410_3flank_KmR_F(1041),tagctctggttccacacgacccggaattgccagctggg,,,,,,,,,,,,,,,,,,,,,,,,
SO_4410_5flank_pT2BB_R(1042),ctagagaatttacgtaacatCCGCTGCATAACCCTGCt,,,,,,,,,,,,,,,,,,,,,,,,
SO_4410_3flank_SO_4410_5flank_R(1043),taattgcatgccgttagccatctcaagtctccggtagggtaaagg,,,,,,,,,,,,,,,,,,,,,,,,
KmR_SO_4410_3flank_R(1044),gccccagctggcaattccgggtcgtgtggaaccagagctag,,,,,,,,,,,,,,,,,,,,,,,,
SO_4114_5flank_F(1045),gtgccattggtgctatcgc,,,,,,,,,,,,,,,,,,,,,,,,
SO_4114_5flank_R(1046),gtgttgctcaataagtcttatattttcattgca,,,,,,,,,,,,,,,,,,,,,,,,
SO_4114_3flank_F(1047),tcatcgtgcgctctcc,,,,,,,,,,,,,,,,,,,,,,,,
SO_4114_3flank_R(1048),cgatgactaatctgtttatggatgataatcag,,,,,,,,,,,,,,,,,,,,,,,,
pT2BB_SO4114_5flank_F(1049),gaaGCAGGGTTATGCAGCGGgtgccattggtgctatcgc,,,,,,,,,,,,,,,,,,,,,,,,
SO_4114_5flank_pT2BB_R(1050),agcgatagcaccaatggcacCCGCTGCATAACCCTGC,,,,,,,,,,,,,,,,,,,,,,,,
SO_4114_5flank_SO4114_3flank_F(1051),taagacttattgagcaacactcatcgtgcgctctcctca,,,,,,,,,,,,,,,,,,,,,,,,
SO_4114_3flank_SO4114_5flank_R(1052),ctgaggagagcgcacgatgagtgttgctcaataagtcttatattttcattgc,,,,,,,,,,,,,,,,,,,,,,,,
SO_4114_3flank_KmR_F(1053),cataaacagattagtcatcgccggaattgccagctgg,,,,,,,,,,,,,,,,,,,,,,,,
KmR_SO4114_3flank_R(1054),gccccagctggcaattccggcgatgactaatctgtttatggatgataatcag,,,,,,,,,,,,,,,,,,,,,,,,
SO_3385_5flank_F(1075),gattaaagttgtttccctttgataaatcaggaaa,,,,,,,,,,,,,,,,,,,,,,,,
SO_3385_5flank_R(1076),atgagcgttaatcaaaacaggtcg,,,,,,,,,,,,,,,,,,,,,,,,
SO_3385_3flank_F(1077),ttttgtctcttaacgcgttagtctg,,,,,,,,,,,,,,,,,,,,,,,,
SO_3385_3flank_R(1078),tgcctgcctcttaggagaaaag,,,,,,,,,,,,,,,,,,,,,,,,
pT2BB_SO3385_5flank_F(1079),gaaGCAGGGTTATGCAGCGGgattaaagttgtttccctttgataaatcaggaa,,,,,,,,,,,,,,,,,,,,,,,,
SO3385_5flank_pT2BB_R(1080),aaagggaaacaactttaatcCCGCTGCATAACCCTGC,,,,,,,,,,,,,,,,,,,,,,,,
SO_3385_5flank_SO_3385_3flank_F(1081),ctgttttgattaacgctcatttttgtctcttaacgcgttagtctga,,,,,,,,,,,,,,,,,,,,,,,,
SO_3385_3flank_SO_3385_5flank_R(1082),taacgcgttaagagacaaaaatgagcgttaatcaaaacaggtcg,,,,,,,,,,,,,,,,,,,,,,,,
SO_3385_3flank_KmR_F(1083),tttctcctaagaggcaggcaccggaattgccagctgg,,,,,,,,,,,,,,,,,,,,,,,,
KmR_SO_3385_3flank_R(1084),gccccagctggcaattccggtgcctgcctcttaggagaaaagg,,,,,,,,,,,,,,,,,,,,,,,,
SO_4685_5flank_F(1154),cgtcacattttctggcggc,,,,,,,,,,,,,,,,,,,,,,,,
SO_4685_5flank_R(1155),aacatccttcataaaatccttttcattatcacagtg,,,,,,,,,,,,,,,,,,,,,,,,
SO_4685_3flank_F(1156),gtttttatttttataaacaaaggcctgctaaaacgc,,,,,,,,,,,,,,,,,,,,,,,,
SO_4685_3flank_R(1157),aaggttgtcgccaccataagattg,,,,,,,,,,,,,,,,,,,,,,,,
pT2BB_SO_4685_5flank_F(1158),gaaGCAGGGTTATGCAGCGGcgtcacattttctggcggc,,,,,,,,,,,,,,,,,,,,,,,,
SO_4685_5flank_pT2BB_R(1159),tgccgccagaaaatgtgacgCCGCTGCATAACCCTGCt,,,,,,,,,,,,,,,,,,,,,,,,
SO_4685_5flank_SO_4685_3flank_F(1160),aggattttatgaaggatgttgtttttatttttataaacaaaggcctgctaaaacgc,,,,,,,,,,,,,,,,,,,,,,,,
SO_4685_3flank_SO_4685_5flank_R(1161),ttgtttataaaaataaaaacaacatccttcataaaatccttttcattatcacagtg,,,,,,,,,,,,,,,,,,,,,,,,
SO_4685_3flank_KmR_F(1162),cttatggtggcgacaaccttccggaattgccagctggg,,,,,,,,,,,,,,,,,,,,,,,,
KmR_SO_4685_3flank_R(1163),gccccagctggcaattccggaaggttgtcgccaccataagattg,,,,,,,,,,,,,,,,,,,,,,,,
SO_1327_check_F(1174),tacgcaagctgactatcgatg,Forward primer 50 bp away from SO_1327 5' flank start,,,,,,,,,,,,,,,,,,,,,,,
SO_1327_check_R(1175),cgccaaactaaaccgatatcg,Reverse primer 50 bp away from SO_1327 3' flank end,,,,,,,,,,,,,,,,,,,,,,,
SO_0625_check_F(1178),gggtaccatataccacaatggttttacc,,,,,,,,,,,,,,,,,,,,,,,,
SO_0625_check_R(1179),gagggacaagctcccgg,,,,,,,,,,,,,,,,,,,,,,,,
SO_4410_check_F(1180),gcttgtcaaccagggtcg,,,,,,,,,,,,,,,,,,,,,,,,
SO_4410_check_R(1181),acggcattgctttcggt,,,,,,,,,,,,,,,,,,,,,,,,
SO_3385_check_F(1182),agctaaaaactcactttgattattacgcc,,,,,,,,,,,,,,,,,,,,,,,,
SO_3385_check_R(1183),aatctcattatgtacaagtttaatccacagc,,,,,,,,,,,,,,,,,,,,,,,,
SO_4114_check_F(1190),tttcttttaactcgccccaaaaatcg,,,,,,,,,,,,,,,,,,,,,,,,
SO_4114_check_R(1191),aagccatcaatgagcaagggc,,,,,,,,,,,,,,,,,,,,,,,,
SO_4685_check_F(1192),ctttgttcctgtaggcttggct,,,,,,,,,,,,,,,,,,,,,,,,
SO_4685_check_R(1193),cccccttgcttatgccgatag,,,,,,,,,,,,,,,,,,,,,,,,
